,Nreps,lnPK,lnPPK,deltaK,estLnProbMean,estLnProbStdev
2,5,0.0,0.0,0.0,-102942.31999999999,2187.685729715306
3,5,3395.979999999996,1319.199999999997,0.979124401093187,-99546.34,1347.3262422294017
4,5,2076.779999999999,589.5399999999936,0.3606130772550579,-97469.56,1634.8270131729528
5,5,2666.3199999999924,8055.359999999986,4.411638620881937,-94803.24,1825.9337838486933
6,5,-5389.039999999994,11020.279999999999,1.1310336885260424,-100192.28,9743.547085994913
7,5,5631.240000000005,8450.14,4.446546947189851,-94561.04,1900.3824991301078
8,5,-2818.899999999994,2071.7000000000116,0.5547817499658805,-97379.93999999999,3734.2612660337563
9,5,-4890.600000000006,0.0,0.0,-102270.54,10567.66239113457
