,Nreps,lnPK,lnPPK,deltaK,estLnProbMean,estLnProbStdev
2,5,0.0,0.0,0.0,-36518.020000000004,213.92447732786405
3,5,-431.6399999999994,878.4799999999959,2.453934276248989,-36949.66,357.98839785669173
4,5,446.8399999999965,895.6399999999849,1.9123217190035195,-36502.82000000001,468.35215596813316
5,5,-448.79999999998836,3893.2200000000157,5.766403357010686,-36951.619999999995,675.1556835278807
6,5,-4342.020000000004,836.6800000000003,0.13587238028624812,-41293.64,6157.837216344712
7,5,-3505.340000000004,9533.580000000009,0.63931410813747,-44798.98,14912.200245000739
8,5,6028.240000000005,6949.140000000007,2.8399500256622336,-38770.74,2446.923339216003
9,5,-920.9000000000015,0.0,0.0,-39691.64,2174.7434729181273
