,Nreps,lnPK,lnPPK,deltaK,estLnProbMean,estLnProbStdev
2,5,0.0,0.0,0.0,-53172.22000000001,819.7493867030323
3,5,4168.560000000012,1036.2400000000198,0.7794347247264755,-49003.659999999996,1329.47630779943
4,5,3132.3199999999924,10349.159999999996,7.640299153515545,-45871.340000000004,1354.549055220962
5,5,-7216.840000000004,9281.580000000009,2.4880112806794075,-53088.18000000001,3730.5216708926914
6,5,2064.7400000000052,5106.760000000002,1.737573728534642,-51023.44,2939.017732678725
7,5,-3042.019999999997,6646.82,1.1280290249392992,-54065.46,5892.419302205166
8,5,3604.800000000003,4159.080000000009,2.4072499575702944,-50460.659999999996,1727.7308436211943
9,5,-554.2800000000061,0.0,0.0,-51014.94,3519.832257792977
