Species,avg_raw_reads,sd_raw_reads,avg_reads_qc,sd_reads_qc,avg_mapped_reads,sd_mapped_reads,mapping_pct,filtered,loss_pct,avg_loci_in_assembly,sd_loci_in_assembly
ALA,1531874.956097561,256948.92636647722,1361438.9609756097,251635.82118081205,685856.2146341463,154689.56190121235,50.428399602284756,170435.99512195121,11.14081504206429,22855.585365853658,6485.906912621903
HMA,1488444.131868132,345049.5766795197,1290056.5543478262,357981.9862426429,695354.2065217391,271386.57208716247,52.590163319461716,205035.76923076922,14.386698743114408,21273.184782608696,8675.677108742031
HST,1753977.5175438595,384046.98651595536,1573628.0614035088,409423.3556541256,904480.649122807,310125.9127191624,56.66125796194421,180349.4561403509,10.971968342644601,28519.859649122805,8971.344260395674
