,Nreps,lnPK,lnPPK,deltaK,estLnProbMean,estLnProbStdev
2,10,0.0,0.0,0.0,-34687.560000000005,1013.4942034587291
3,10,355.9900000000125,2.9200000000200816,0.003531937038032202,-34331.56999999999,826.741804448174
4,10,353.06999999999243,799.8899999999921,0.9034982182531219,-33978.5,885.3254869130211
5,10,-446.8199999999997,0.0,0.0,-34425.32,914.7532633934076
