,Nreps,lnPK,lnPPK,deltaK,estLnProbMean,estLnProbStdev
2,10,0.0,0.0,0.0,-24505.16,409.44471665903865
3,10,946.1499999999978,1206.0599999999977,3.4163287149600725,-23559.010000000002,353.02808969133207
4,10,-259.90999999999985,237.99000000000524,0.5230337072115239,-23818.920000000002,455.01847532697917
5,10,-21.919999999994616,0.0,0.0,-23840.839999999997,444.502756396903
