,Nreps,lnPK,lnPPK,deltaK,estLnProbMean,estLnProbStdev
2,10,0.0,0.0,0.0,-49994.3,911.715065138226
3,10,461.3900000000067,88.33000000000902,0.1264799418502623,-49532.909999999996,698.3716050769661
4,10,373.0599999999977,844.2000000000044,0.9757512269374748,-49159.85,865.179542381554
5,10,-471.1400000000067,0.0,0.0,-49630.990000000005,793.8168910747336
