species,Observed correlation,pvalue,Std. Obs,Expectation,Variance,Replicates
ALA,0.030327927680189107,0.22,0.7648144406868018,0.0024537611704731057,0.0013282860795934095,999
HMA,0.22777445637262844,0.001,4.380446243906571,-0.0021473468248632043,0.002755012688756305,999
HST,0.17601434169344848,0.009,2.4675870454788806,-0.005332488236525885,0.005401009898847478,999
