population,Shark_Bay,Coastal_WA,Offshore_WA,Gulf_of_Carpentaria,New_Caledonia
Shark_Bay,NA,0.010639262317078482,0.049443598052754965,0.10802393808859678,0.24564164886087725
Coastal_WA,0.00503832827258735,NA,0.037468890708341314,0.08441766264366736,0.19791364517836543
Offshore_WA,0.010477283723692105,0.0058187887823622254,NA,0.09423763964201842,0.19787947901029762
Gulf_of_Carpentaria,0.020159872482009716,0.01414053374549877,0.01612795369430119,NA,0.1559792887488867
New_Caledonia,0.03674423839681783,0.031753950916782944,0.033351875969783486,0.022426160258087253,NA
