population,Shark_Bay,Coastal_WA,Offshore_WA,Gulf_of_Carpentaria,New_Caledonia
Shark_Bay,NA,0.00924476288466253,0.0583684992146751,0.09464552726956624,0.22860079512515918
Coastal_WA,0.0015532583408961898,NA,0.03856768698815291,0.08761199189003592,0.18673839549569668
Offshore_WA,0.0032956346951529894,0.0016930185940205041,NA,0.10480684247872459,0.20080663023857998
Gulf_of_Carpentaria,0.006320758645956844,0.004884456756191695,0.0053985912880084586,NA,0.13703218010260082
New_Caledonia,0.01036413350591239,0.009018856850601664,0.00940286312874093,0.007119514096000405,NA
