Species,Population,n_samples,Nuc. diversity (pixy),Nuc. diversity (snpR),Ho,He,Fis
ALA,Coastal_WA,71,0.001897938153587167,0.04850925702542017,0.044706873129195315,0.04813974067331645,0.07895971504812882
ALA,Gulf_of_Carpentaria,16,0.001921404212296101,0.04328677335441712,0.037163794491866645,0.03919008695408293,0.15714433560814411
ALA,New_Caledonia,12,0.0012222854889995015,0.03219974820709493,0.03158194116410491,0.03057955262711089,0.020625697157666933
ALA,Offshore_WA,92,0.0021448982370898375,0.04659094678219166,0.042968781053987236,0.04631276859320593,0.07820034796799602
ALA,Shark_Bay,10,0.0018117406720145068,0.04655722474076517,0.043162365521850675,0.04413553954217885,0.07695141626730417
