Species,Population,n_samples,Nuc. diversity (pixy),Nuc. diversity (snpR),Ho,He,Fis
ALA,Shark_Bay,10,0.0018117406720145068,0.03293494161129572,0.03021916875162573,0.03119265618363719,0.08708071011519436
ALA,Coastal_WA,71,0.001897938153587167,0.034352815102732095,0.03128795268704054,0.034091466491023875,0.08987302246489337
ALA,Offshore_WA,90,0.0018562760914012178,0.03306504525994066,0.030008940181549676,0.03286349045569607,0.09297816846161044
ALA,Gulf_of_Carpentaria,16,0.001921404212296101,0.03542712993593082,0.024411935144340504,0.03380525328422213,0.32274878786550076
ALA,New_Caledonia,12,0.0012222854889995015,0.02347039159384957,0.022400984680051958,0.022330551405594038,0.04833748872425303
