population,Coastal_WA,Gulf_of_Carpentaria,New_Caledonia,Offshore_WA,Shark_Bay
Coastal_WA,NA,0.08118823311985864,0.18729677931802613,0.03717558113568378,0.008648582491983156
Gulf_of_Carpentaria,0.007611617013785514,NA,0.16827541261886644,0.0969764008146777,0.09964612171370277
New_Caledonia,0.012761356629993979,0.010848915870288826,NA,0.20109237864621748,0.2297516746203062
Offshore_WA,0.0023129107452706447,0.008222043490625207,0.013385212866232305,NA,0.054988078617461904
Shark_Bay,0.002110483777764784,0.009602130451256158,0.014594809795899501,0.004433189977069762,NA
