Species,Population,n_samples,Nuc. diversity (pixy),Nuc. diversity (snpR),Ho,He,Fis
HMA,Shark_Bay,12,0.0015487525517801804,0.06806870257923196,0.06155174540520538,0.06477962211596326,0.1003803500225533
HMA,Coastal_WA,37,0.0015696485678027214,0.06954391394782701,0.06357400809520347,0.06852448408253935,0.0870574474421344
HMA,Gulf_of_Carpentaria,29,0.0016533090679035258,0.07192690043880565,0.06267436383618555,0.07047429770928278,0.13113182348217822
HMA,New_Caledonia,10,9.157189649873259e-4,0.042530782685155165,0.04004959505321136,0.040258951955200864,0.06200000413661888
