population,Shark_Bay,Coastal_WA,Gulf_of_Carpentaria,New_Caledonia
Shark_Bay,NA,0.04809857137498557,0.09949630116772165,0.24077485067905954
Coastal_WA,0.010135205802520891,NA,0.03349826584416521,0.18758112007592076
Gulf_of_Carpentaria,0.01738365837071306,0.006304285684188405,NA,0.18371282550140638
New_Caledonia,0.03532949482703558,0.02929965913041554,0.028138032292543358,NA
