Species,Population,n_samples,Nuc. diversity (pixy),Nuc. diversity (snpR),Ho,He,Fis
HMA,Shark_Bay,12,0.0015487525517801804,0.06974460115214444,0.06385789114097017,0.06632516131636057,0.08866730774785558
HMA,Coastal_WA,37,0.0015696485678027214,0.07176462294200721,0.06559588368030281,0.07071270209253015,0.08717328894563525
HMA,Gulf_of_Carpentaria,29,0.0016533090679035258,0.07346946320893785,0.06480679478271353,0.07195931177676355,0.12028276752807499
HMA,New_Caledonia,10,9.157189649873259e-4,0.0438759750960441,0.04129987119428332,0.041533070329382346,0.06240715113289608
