population,Shark_Bay,Coastal_WA,Gulf_of_Carpentaria,New_Caledonia
Shark_Bay,NA,0.043214464808805336,0.08779277326454608,0.25931614804508
Coastal_WA,0.006227686665753501,NA,0.03303586334969584,0.1865788908514333
Gulf_of_Carpentaria,0.010784906696559748,0.004285299054256887,NA,0.17306613010875377
New_Caledonia,0.025099559079291713,0.018851999654210486,0.01772313268539906,NA
