Species,Population,n_samples,Nuc. diversity (pixy),Nuc. diversity (snpR),Ho,He,Fis
HMA,Coastal_WA,37,0.0015696485678027214,0.07294430917998701,0.06783144912641316,0.07185329295249246,0.07111671127316832
HMA,Gulf_of_Carpentaria,29,0.0016533090679035258,0.07458499289251745,0.06786578636566051,0.07307390133715817,0.09189844788318002
HMA,New_Caledonia,10,9.157189649873259e-4,0.044510549283782494,0.042239597375752676,0.042171096162237076,0.05408200671342722
HMA,Shark_Bay,12,0.0015487525517801804,0.07055732711885887,0.0657421579655891,0.06716162299323629,0.0716679225193223
