species,population,n_samples,pixy_pi,weighted_mean_pi,weighted_mean_ho,weighted_mean_he,weighted_mean_fis
HMA,Broome,16,0.00155434929284758,0.08104685866719416,0.07652251879439961,0.07827570849299614,0.057789794783300596
HMA,Exmouth_Gulf,8,0.0014775493820522632,0.08193558317925259,0.07706880775327671,0.07669336727280866,0.06354375386368416
HMA,Fraser_Island,4,0.0012489252745282427,0.07780518062354727,0.07532109614684623,0.06777035344929203,0.03743493188614255
HMA,Gulf_of_Carpentaria,29,0.0016636358560017685,0.08193992139506279,0.07441527317284129,0.08010240007687838,0.09384978568303148
HMA,New_Caledonia,10,9.157189649873259e-4,0.055527746943180495,0.04965803717534511,0.05261074044754506,0.11144313921482085
HMA,Pilbara,12,0.0016148142147362735,0.08227977637048618,0.07193626866383629,0.07739334275513511,0.1331431004717265
HMA,Shark_Bay,12,0.0015487525517801804,0.0830628893013909,0.06687294419356637,0.07728427615676012,0.2075512209624013
HMA,Weipa,1,0.0012466953522032428,0.07256637168141593,0.07256637168141593,0.036283185840707964,0
