population,Coastal_WA,Gulf_of_Carpentaria,New_Caledonia,Shark_Bay
Coastal_WA,NA,0.032848724189541455,0.18568365360870515,0.04207300212325602
Gulf_of_Carpentaria,0.0042725972473954205,NA,0.17404995873041448,0.08616193842814501
New_Caledonia,0.018877537718152402,0.017878309764825493,NA,0.25859665394774123
Shark_Bay,0.006119206274802823,0.0105672045880631,0.025210913081335988,NA
