Species,Population,n_samples,Nuc. diversity,Ho,He,Fis
HST,Coastal_WA,87,0.12745219815772035,0.12124076809453471,0.12671171174642148,0.049008657211069395
HST,Offshore_WA,6,0.10793233377992356,0.09642301710730948,0.09805339551487854,0.11663084905548338
HST,Gulf_of_Carpentaria,7,0.10096965110176413,0.08951472578462331,0.09329690625571373,0.12267219689871844
