Species,Population,n_samples,Nuc. diversity (pixy),Nuc. diversity (snpR),Ho,He,Fis
HST,Coastal_WA,88,0.0011656391405494714,0.0464102871921711,0.04341020954329667,0.04613148589090638,0.06501597950399018
HST,Gulf_of_Carpentaria,7,0.001048886695905108,0.041563084549543244,0.0358965298635433,0.03750454680358717,0.15222620391733743
HST,Offshore_WA,6,9.929949857064781e-4,0.03985414235705968,0.03768961493582264,0.03429964022060481,0.0644460535843584
