population,Coastal_WA,Gulf_of_Carpentaria,Offshore_WA
Coastal_WA,NA,0.08052006716396502,0.03407389312134082
Gulf_of_Carpentaria,0.010195005065026318,NA,0.17408581634180273
Offshore_WA,0.008797223514796372,0.01602161551265017,NA
