population,Coastal_WA,Offshore_WA,Gulf_of_Carpentaria
Coastal_WA,NA,0.087310500613441,0.14148890227712854
Offshore_WA,0.02109522679629772,NA,0.22232169457324477
Gulf_of_Carpentaria,0.029730435571810924,0.04533878746857186,NA
