Species,Population,n_samples,Nuc. diversity (pixy),Nuc. diversity (snpR),Ho,He,Fis
HST,Coastal_WA,88,0.0011656391405494714,0.039577931102661654,0.03657521530377931,0.03933970729631807,0.0763066421649996
HST,Offshore_WA,6,9.929949857064781e-4,0.04310440774214024,0.037930728885523,0.03842728733151248,0.1355281761260374
HST,Gulf_of_Carpentaria,7,0.001048886695905108,0.03436748923369775,0.02971919628716621,0.031223501862707958,0.1503156457942333
