species,population,n_samples,pixy_pi,weighted_mean_pi,weighted_mean_ho,weighted_mean_he,weighted_mean_fis
HST,Ashmore,3,0.001680539419149022,0.04722243911749623,0.04364800499726712,0.03463600635069363,0.10939989378651083
HST,Broome,64,0.0015178360527723796,0.07288450748805969,0.047191988901274746,0.07219102094284983,0.3547141513743163
HST,Exmouth_Gulf,17,0.0019879372961900264,0.04938761506166905,0.04713305206742172,0.04790581395911674,0.04702869819542843
HST,Gulf_of_Carpentaria,8,0.0011343649812747408,0.047065416037849604,0.040269738475939405,0.03838328846103792,0.17896786757546246
HST,Heywood_Shoal,4,9.173339053733481e-4,0.0417756237529458,0.03983941262636309,0.034087141571030904,0.05975245411865138
HST,North_Kimberley,1,9.29920348573667e-4,0.04670804925206065,0.04670804925206065,0.023354024626030326,0
HST,North_QLD,2,8.838442066626748e-4,0.048006552352769905,0.037808132315252714,0.03536421041507041,0.28805970149253735
HST,Pilbara,15,0.0016072132570643762,0.048392703591016696,0.04574234144855305,0.046455820689804646,0.05702010116064038
