population,Coastal_WA,Offshore_WA,Gulf_of_Carpentaria
Coastal_WA,NA,0.09668935441942655,0.16877137643003493
Offshore_WA,0.008186676805786622,NA,0.1993720513645606
Gulf_of_Carpentaria,0.012167324958586408,0.01744178903309488,NA
