population,Coastal_WA,Gulf_of_Carpentaria,Offshore_WA
Coastal_WA,NA,0.17237924114443073,0.08585427833438272
Gulf_of_Carpentaria,0.013405673642845353,NA,0.21764122921680912
Offshore_WA,0.00848699568821218,0.018905772370422277,NA
